<?xml version="1.0" encoding="utf-8"?>
<bwFrame xmlns:xsi="http://www.w3.org/2001/XMLSchema-instance" xmlns:xsd="http://www.w3.org/2001/XMLSchema" default_layout="npnxnanbnsnfns00000000001" textdirection="ltr" textengine="DirectWrite" device="false" fontscale="100" kbshortcuts="false" skip_nav_enabled="true" chromeless="false" outputtype="undefined" theme="classic">
  <layouts>
    <layout name="npnxnanbsnfns00000000001" font="Open Sans" controllayout="npnxnanbsnfns00000000001" colorscheme="npnxnanbnsnfns00000000001" string_table="npnxnanbnsnfns00000000001" />
    <layout name="pxabnsnfns00000000001" font="Open Sans" controllayout="pxabnsnfns00000000001" colorscheme="npnxnanbnsnfns00000000001" string_table="npnxnanbnsnfns00000000001" />
    <layout name="npxnabnsnfns00000000001" font="Open Sans" controllayout="npxnabnsnfns00000000001" colorscheme="npnxnanbnsnfns00000000001" string_table="npnxnanbnsnfns00000000001" />
    <layout name="npnxnanbnsnfns00000000001" font="Open Sans" controllayout="npnxnanbnsnfns00000000001" colorscheme="npnxnanbnsnfns00000000001" string_table="npnxnanbnsnfns00000000001" />
    <layout name="pxabnsnfns00000000000" font="Open Sans" controllayout="pxabnsnfns00000000000" colorscheme="npnxnanbnsnfns00000000001" string_table="npnxnanbnsnfns00000000001" />
  </layouts>
  <control_options>
    <optiongroups>
      <optiongroup name="sidebaroptions">
        <options>
          <option name="title_enabled" value="false">
            <options>
              <option name="title_text" value="Instalasi Sistem Operasi Jaringan" />
            </options>
          </option>
          <option name="logo_enabled" value="false">
            <options />
          </option>
          <option name="sidebar_enabled" value="false">
            <options>
              <option name="sidebarpos" value="left" />
              <option name="closed" value="false" />
            </options>
          </option>
          <optionlist name="tabs">
            <listitems>
              <listitem name="resources" value="false" group="linkright" />
              <listitem name="outline" value="false" group="sidebar" />
              <listitem name="glossary" value="false" group="sidebar" />
              <listitem name="transcript" value="false" group="sidebar" />
            </listitems>
          </optionlist>
          <option name="time_enabled" value="true">
            <options>
              <option name="time_format" value="remaining" />
            </options>
          </option>
          <option name="video_enabled" value="false">
            <options>
              <option name="height" value="135" />
            </options>
          </option>
        </options>
      </optiongroup>
      <optiongroup name="menuoptions">
        <options>
          <option name="flow" value="free" />
          <option name="wraplistitems" value="false" />
          <option name="tooltips" value="true" />
          <option name="autocollapse" value="true" />
          <option name="autonumber" value="false" />
          <option name="enableresultsicons" value="true" />
        </options>
      </optiongroup>
      <optiongroup name="controls">
        <options>
          <option name="volume" value="false" />
          <option name="seekbar" value="false">
            <options>
              <option name="readonly" value="false" />
              <option name="readonlyOnce" value="false" />
            </options>
          </option>
          <option name="pauseplay" value="false" />
          <option name="replay" value="false" />
          <option name="search" value="false" />
          <option name="closed_captions" value="false">
            <options>
              <option name="font" value="Open Sans" />
            </options>
          </option>
          <option name="settings" value="false" />
        </options>
      </optiongroup>
      <optiongroup name="bottombaroptions">
        <options>
          <option name="bottombar_enabled" value="true" />
        </options>
      </optiongroup>
    </optiongroups>
  </control_options>
  <control_layouts>
    <control_layout name="npnxnanbsnfns00000000001">
      <control name="volume" enabled="false" />
      <control name="seekbar" enabled="false" />
      <control name="replay" enabled="false" />
      <control name="pauseplay" enabled="false" />
      <control name="logo" enabled="false" />
      <control name="previous" enabled="false" />
      <control name="next" enabled="false" />
      <control name="swipeleft" enabled="false" />
      <control name="swiperight" enabled="false" />
      <control name="submit" enabled="true" />
      <control name="finish" enabled="false" />
      <control name="submitall" enabled="false" />
      <control name="resources" enabled="false" />
      <control name="glossary" enabled="false" />
      <control name="transcript" enabled="false" />
      <control name="outline" enabled="false">
        <controls>
          <control name="search" enabled="false" />
        </controls>
      </control>
      <control name="close_btn" enabled="true" />
    </control_layout>
    <control_layout name="pxabnsnfns00000000001">
      <control name="volume" enabled="false" />
      <control name="seekbar" enabled="false" />
      <control name="replay" enabled="false" />
      <control name="pauseplay" enabled="false" />
      <control name="logo" enabled="false" />
      <control name="previous" enabled="true" />
      <control name="next" enabled="true" />
      <control name="swipeleft" enabled="true" />
      <control name="swiperight" enabled="true" />
      <control name="submit" enabled="false" />
      <control name="finish" enabled="false" />
      <control name="submitall" enabled="false" />
      <control name="resources" enabled="false" />
      <control name="glossary" enabled="false" />
      <control name="transcript" enabled="false" />
      <control name="outline" enabled="false">
        <controls>
          <control name="search" enabled="false" />
        </controls>
      </control>
      <control name="close_btn" enabled="true" />
    </control_layout>
    <control_layout name="npxnabnsnfns00000000001">
      <control name="volume" enabled="false" />
      <control name="seekbar" enabled="false" />
      <control name="replay" enabled="false" />
      <control name="pauseplay" enabled="false" />
      <control name="logo" enabled="false" />
      <control name="previous" enabled="false" />
      <control name="next" enabled="true" />
      <control name="swipeleft" enabled="false" />
      <control name="swiperight" enabled="true" />
      <control name="submit" enabled="false" />
      <control name="finish" enabled="false" />
      <control name="submitall" enabled="false" />
      <control name="resources" enabled="false" />
      <control name="glossary" enabled="false" />
      <control name="transcript" enabled="false" />
      <control name="outline" enabled="false">
        <controls>
          <control name="search" enabled="false" />
        </controls>
      </control>
      <control name="close_btn" enabled="true" />
    </control_layout>
    <control_layout name="npnxnanbnsnfns00000000001">
      <control name="volume" enabled="false" />
      <control name="seekbar" enabled="false" />
      <control name="replay" enabled="false" />
      <control name="pauseplay" enabled="false" />
      <control name="logo" enabled="false" />
      <control name="previous" enabled="false" />
      <control name="next" enabled="false" />
      <control name="swipeleft" enabled="false" />
      <control name="swiperight" enabled="false" />
      <control name="submit" enabled="false" />
      <control name="finish" enabled="false" />
      <control name="submitall" enabled="false" />
      <control name="resources" enabled="false" />
      <control name="glossary" enabled="false" />
      <control name="transcript" enabled="false" />
      <control name="outline" enabled="false">
        <controls>
          <control name="search" enabled="false" />
        </controls>
      </control>
      <control name="close_btn" enabled="true" />
    </control_layout>
    <control_layout name="pxabnsnfns00000000000">
      <control name="volume" enabled="false" />
      <control name="seekbar" enabled="false" />
      <control name="replay" enabled="false" />
      <control name="pauseplay" enabled="false" />
      <control name="logo" enabled="false" />
      <control name="previous" enabled="true" />
      <control name="next" enabled="true" />
      <control name="swipeleft" enabled="true" />
      <control name="swiperight" enabled="true" />
      <control name="submit" enabled="false" />
      <control name="finish" enabled="false" />
      <control name="submitall" enabled="false" />
      <control name="resources" enabled="false" />
      <control name="glossary" enabled="false" />
      <control name="transcript" enabled="false" />
      <control name="outline" enabled="false">
        <controls>
          <control name="search" enabled="false" />
        </controls>
      </control>
      <control name="close_btn" enabled="false" />
    </control_layout>
  </control_layouts>
  <colorschemes>
    <colorscheme name="npnxnanbnsnfns00000000001">
      <color_group name="accessibility">
        <group_colors>
          <color name="focus_rect">
            <fill type="linear" rotation="90">
              <colors>
                <color rgb="0xFFFF00" alpha="100" stop="0" />
              </colors>
            </fill>
          </color>
        </group_colors>
      </color_group>
      <color_group name="infopanel">
        <group_colors>
          <color name="link_text">
            <fill type="linear" rotation="90">
              <colors>
                <color rgb="0x7C2280" alpha="100" stop="0" />
              </colors>
            </fill>
          </color>
          <color name="link_hover">
            <fill type="linear" rotation="90">
              <colors>
                <color rgb="0x0000EE" alpha="100" stop="0" />
              </colors>
            </fill>
          </color>
          <color name="bg">
            <fill type="linear" rotation="90">
              <colors>
                <color rgb="0xFFFFFF" alpha="100" stop="0" />
              </colors>
            </fill>
          </color>
          <color name="shadow">
            <fill type="linear" rotation="90">
              <colors>
                <color rgb="0xB8B8B8" alpha="100" stop="0" />
              </colors>
            </fill>
          </color>
          <color name="name_text">
            <fill type="linear" rotation="90">
              <colors>
                <color rgb="0x444444" alpha="100" stop="0" />
              </colors>
            </fill>
          </color>
          <color name="title_text">
            <fill type="linear" rotation="90">
              <colors>
                <color rgb="0x999999" alpha="100" stop="0" />
              </colors>
            </fill>
          </color>
        </group_colors>
      </color_group>
      <color_group name="infopanelpopup">
        <group_colors>
          <color name="link_text">
            <fill type="linear" rotation="90">
              <colors>
                <color rgb="0x7C2280" alpha="100" stop="0" />
              </colors>
            </fill>
          </color>
          <color name="link_hover">
            <fill type="linear" rotation="90">
              <colors>
                <color rgb="0x0000EE" alpha="100" stop="0" />
              </colors>
            </fill>
          </color>
          <color name="bg">
            <fill type="linear" rotation="90">
              <colors>
                <color rgb="0xE9E9E9" alpha="100" stop="0" />
                <color rgb="0xCFCFCF" alpha="100" stop="255" />
              </colors>
            </fill>
          </color>
          <color name="shadow">
            <fill type="linear" rotation="90">
              <colors>
                <color rgb="0xB8B8B8" alpha="100" stop="0" />
              </colors>
            </fill>
          </color>
          <color name="name_text">
            <fill type="linear" rotation="90">
              <colors>
                <color rgb="0x444444" alpha="100" stop="0" />
              </colors>
            </fill>
          </color>
          <color name="bio_text">
            <fill type="linear" rotation="90">
              <colors>
                <color rgb="0x999999" alpha="100" stop="0" />
              </colors>
            </fill>
          </color>
        </group_colors>
      </color_group>
      <color_group name="timer">
        <group_colors>
          <color name="duration">
            <fill type="linear" rotation="90">
              <colors>
                <color rgb="0x00D7FF" alpha="100" stop="0" />
                <color rgb="0x00ABFF" alpha="100" stop="255" />
              </colors>
            </fill>
          </color>
          <color name="elapsed">
            <fill type="linear" rotation="90">
              <colors>
                <color rgb="0xFEE347" alpha="100" stop="0" />
                <color rgb="0xFCCC2A" alpha="100" stop="255" />
              </colors>
            </fill>
          </color>
          <color name="stroke">
            <fill type="linear" rotation="90">
              <colors>
                <color rgb="0xC7C7C7" alpha="100" stop="0" />
              </colors>
            </fill>
          </color>
          <color name="inner">
            <fill type="linear" rotation="90">
              <colors>
                <color rgb="0xFFFFFF" alpha="100" stop="0" />
              </colors>
            </fill>
          </color>
          <color name="text">
            <fill type="linear" rotation="90">
              <colors>
                <color rgb="0x555555" alpha="100" stop="0" />
              </colors>
            </fill>
          </color>
        </group_colors>
      </color_group>
      <color_group name="window">
        <group_colors>
          <color name="text">
            <fill type="linear" rotation="90">
              <colors>
                <color rgb="0x555555" alpha="100" stop="0" />
              </colors>
            </fill>
          </color>
          <color name="inner">
            <fill type="linear" rotation="90">
              <colors>
                <color rgb="0xEAEAEA" alpha="100" stop="0" />
                <color rgb="0xCFCFCF" alpha="100" stop="255" />
              </colors>
            </fill>
          </color>
          <color name="bg">
            <fill type="linear" rotation="90">
              <colors>
                <color rgb="0xF3F3F3" alpha="100" stop="0" />
              </colors>
            </fill>
          </color>
          <color name="diva">
            <fill type="linear" rotation="90">
              <colors>
                <color rgb="0xF7F7F7" alpha="100" stop="0" />
              </colors>
            </fill>
          </color>
          <color name="divb">
            <fill type="linear" rotation="90">
              <colors>
                <color rgb="0xD3D3D3" alpha="100" stop="0" />
              </colors>
            </fill>
          </color>
          <color name="shadow">
            <fill type="linear" rotation="90">
              <colors>
                <color rgb="0x000000" alpha="20" stop="0" />
              </colors>
            </fill>
          </color>
        </group_colors>
      </color_group>
      <color_group name="editor">
        <group_colors>
          <color name="slide_text">
            <fill type="linear" rotation="90">
              <colors>
                <color rgb="0x555555" alpha="100" stop="0" />
              </colors>
            </fill>
          </color>
          <color name="html_text">
            <fill type="linear" rotation="90">
              <colors>
                <color rgb="0x444444" alpha="100" stop="0" />
              </colors>
            </fill>
          </color>
          <color name="btn_bg">
            <fill type="linear" rotation="90">
              <colors>
                <color rgb="0xF5F5F5" alpha="100" stop="0" />
                <color rgb="0xC7C7C7" alpha="100" stop="255" />
              </colors>
            </fill>
          </color>
          <color name="btn_hover">
            <fill type="linear" rotation="90">
              <colors>
                <color rgb="0xF2F2F2" alpha="100" stop="0" />
                <color rgb="0xAFAFAF" alpha="100" stop="255" />
              </colors>
            </fill>
          </color>
          <color name="btn_down">
            <fill type="linear" rotation="90">
              <colors>
                <color rgb="0xC7C7C7" alpha="100" stop="0" />
                <color rgb="0xF4F4F4" alpha="100" stop="255" />
              </colors>
            </fill>
          </color>
          <color name="btn_border">
            <fill type="linear" rotation="90">
              <colors>
                <color rgb="0xB1B1B1" alpha="100" stop="0" />
              </colors>
            </fill>
          </color>
          <color name="btn_text">
            <fill type="linear" rotation="90">
              <colors>
                <color rgb="0x353535" alpha="100" stop="0" />
              </colors>
            </fill>
          </color>
          <color name="btn_text_shadow">
            <fill type="linear" rotation="90">
              <colors>
                <color rgb="0xF0F0F0" alpha="100" stop="0" />
              </colors>
            </fill>
          </color>
        </group_colors>
      </color_group>
      <color_group name="listitem">
        <group_colors>
          <color name="selected_text">
            <fill type="linear" rotation="90">
              <colors>
                <color rgb="0x353535" alpha="100" stop="0" />
              </colors>
            </fill>
          </color>
          <color name="lines">
            <fill type="linear" rotation="90">
              <colors>
                <color rgb="0xDFDFDF" alpha="100" stop="0" />
              </colors>
            </fill>
          </color>
          <color name="hover">
            <fill type="linear" rotation="90">
              <colors>
                <color rgb="0xE6E6E6" alpha="100" stop="0" />
              </colors>
            </fill>
          </color>
          <color name="viewed">
            <fill type="linear" rotation="90">
              <colors>
                <color rgb="0x909090" alpha="100" stop="0" />
              </colors>
            </fill>
          </color>
          <color name="text">
            <fill type="linear" rotation="90">
              <colors>
                <color rgb="0x353535" alpha="100" stop="0" />
              </colors>
            </fill>
          </color>
          <color name="selected">
            <fill type="linear" rotation="90">
              <colors>
                <color rgb="0xC0E2F1" alpha="100" stop="0" />
              </colors>
            </fill>
          </color>
          <color name="shadow">
            <fill type="linear" rotation="90">
              <colors>
                <color rgb="0xFFFFFF" alpha="100" stop="0" />
              </colors>
            </fill>
          </color>
        </group_colors>
      </color_group>
      <color_group name="base">
        <group_colors>
          <color name="text">
            <fill type="linear" rotation="90">
              <colors>
                <color rgb="0x555555" alpha="100" stop="0" />
              </colors>
            </fill>
          </color>
          <color name="diva">
            <fill type="linear" rotation="90">
              <colors>
                <color rgb="0xD3D3D3" alpha="100" stop="0" />
              </colors>
            </fill>
          </color>
          <color name="divb">
            <fill type="linear" rotation="90">
              <colors>
                <color rgb="0xF7F7F7" alpha="100" stop="0" />
              </colors>
            </fill>
          </color>
          <color name="bg">
            <fill type="linear" rotation="90">
              <colors>
                <color rgb="0xE9E9E9" alpha="100" stop="0" />
                <color rgb="0xCFCFCF" alpha="100" stop="255" />
              </colors>
            </fill>
          </color>
          <color name="border">
            <fill type="linear" rotation="90">
              <colors>
                <color rgb="0xE9E9E9" alpha="100" stop="0" />
                <color rgb="0xF3F3F3" alpha="100" stop="255" />
              </colors>
            </fill>
          </color>
          <color name="menu_shade">
            <fill type="linear" rotation="90">
              <colors>
                <color rgb="0xDBDBDB" alpha="100" stop="0" />
                <color rgb="0xC3C3C3" alpha="100" stop="255" />
              </colors>
            </fill>
          </color>
          <color name="slide_bg">
            <fill type="linear" rotation="90">
              <colors>
                <color rgb="0xE9E9E9" alpha="100" stop="0" />
                <color rgb="0xCFCFCF" alpha="100" stop="255" />
              </colors>
            </fill>
          </color>
        </group_colors>
      </color_group>
      <color_group name="button">
        <group_colors>
          <color name="btn_bg">
            <fill type="linear" rotation="90">
              <colors>
                <color rgb="0xF5F5F5" alpha="100" stop="0" />
                <color rgb="0xC7C7C7" alpha="100" stop="255" />
              </colors>
            </fill>
          </color>
          <color name="btn_hover">
            <fill type="linear" rotation="90">
              <colors>
                <color rgb="0xF2F2F2" alpha="100" stop="0" />
                <color rgb="0xAFAFAF" alpha="100" stop="255" />
              </colors>
            </fill>
          </color>
          <color name="btn_down">
            <fill type="linear" rotation="90">
              <colors>
                <color rgb="0xC7C7C7" alpha="100" stop="0" />
                <color rgb="0xF4F4F4" alpha="100" stop="255" />
              </colors>
            </fill>
          </color>
          <color name="btn_border">
            <fill type="linear" rotation="90">
              <colors>
                <color rgb="0xB1B1B1" alpha="100" stop="0" />
              </colors>
            </fill>
          </color>
          <color name="btn_text">
            <fill type="linear" rotation="90">
              <colors>
                <color rgb="0x353535" alpha="100" stop="0" />
              </colors>
            </fill>
          </color>
          <color name="btn_text_shadow">
            <fill type="linear" rotation="90">
              <colors>
                <color rgb="0xF0F0F0" alpha="100" stop="0" />
              </colors>
            </fill>
          </color>
          <color name="btn_icon_color">
            <fill type="linear" rotation="90">
              <colors>
                <color rgb="0x353535" alpha="100" stop="0" />
              </colors>
            </fill>
          </color>
          <color name="btn_glow">
            <fill type="linear" rotation="90">
              <colors>
                <color rgb="0xCFCFCF" alpha="100" stop="0" />
              </colors>
            </fill>
          </color>
        </group_colors>
      </color_group>
      <color_group name="checkbox">
        <group_colors>
          <color name="border">
            <fill type="linear" rotation="90">
              <colors>
                <color rgb="0xB8B8B8" alpha="100" stop="0" />
              </colors>
            </fill>
          </color>
          <color name="bg">
            <fill type="linear" rotation="90">
              <colors>
                <color rgb="0xFFFFFF" alpha="100" stop="0" />
              </colors>
            </fill>
          </color>
          <color name="check">
            <fill type="linear" rotation="90">
              <colors>
                <color rgb="0x33CC00" alpha="100" stop="0" />
              </colors>
            </fill>
          </color>
          <color name="text">
            <fill type="linear" rotation="90">
              <colors>
                <color rgb="0x444444" alpha="100" stop="0" />
              </colors>
            </fill>
          </color>
          <color name="hover">
            <fill type="linear" rotation="90">
              <colors>
                <color rgb="0x6BF8FF" alpha="100" stop="0" />
              </colors>
            </fill>
          </color>
        </group_colors>
      </color_group>
      <color_group name="logo">
        <group_colors>
          <color name="bg">
            <fill type="linear" rotation="90">
              <colors>
                <color rgb="0xFFFFFF" alpha="100" stop="0" />
              </colors>
            </fill>
          </color>
          <color name="shadow">
            <fill type="linear" rotation="90">
              <colors>
                <color rgb="0xB8B8B8" alpha="100" stop="0" />
              </colors>
            </fill>
          </color>
        </group_colors>
      </color_group>
      <color_group name="menu">
        <group_colors>
          <color name="bg">
            <fill type="linear" rotation="90">
              <colors>
                <color rgb="0xF3F3F3" alpha="100" stop="0" />
              </colors>
            </fill>
          </color>
          <color name="shadow">
            <fill type="linear" rotation="90">
              <colors>
                <color rgb="0xB8B8B8" alpha="100" stop="0" />
              </colors>
            </fill>
          </color>
        </group_colors>
      </color_group>
      <color_group name="scrollarea">
        <group_colors>
          <color name="bg">
            <fill type="linear" rotation="0">
              <colors>
                <color rgb="0xDEDEDE" alpha="100" stop="0" />
                <color rgb="0xE8E8E8" alpha="100" stop="128" />
              </colors>
            </fill>
          </color>
          <color name="border">
            <fill type="linear" rotation="90">
              <colors>
                <color rgb="0xF6F6F6" alpha="100" stop="0" />
                <color rgb="0xF3F3F3" alpha="100" stop="255" />
              </colors>
            </fill>
          </color>
          <color name="button_bg">
            <fill type="linear" rotation="90">
              <colors>
                <color rgb="0xC4C4C4" alpha="100" stop="0" />
                <color rgb="0xB2B2B2" alpha="100" stop="255" />
              </colors>
            </fill>
          </color>
          <color name="button_inner">
            <fill type="linear" rotation="90">
              <colors>
                <color rgb="0xCBCBCB" alpha="100" stop="0" />
                <color rgb="0xBABABA" alpha="100" stop="255" />
              </colors>
            </fill>
          </color>
          <color name="button_border">
            <fill type="linear" rotation="90">
              <colors>
                <color rgb="0xB8B8B8" alpha="100" stop="0" />
              </colors>
            </fill>
          </color>
          <color name="icons">
            <fill type="linear" rotation="90">
              <colors>
                <color rgb="0x555555" alpha="100" stop="0" />
              </colors>
            </fill>
          </color>
          <color name="shadow">
            <fill type="linear" rotation="90">
              <colors>
                <color rgb="0xD9D9D9" alpha="100" stop="0" />
              </colors>
            </fill>
          </color>
          <color name="detaila">
            <fill type="linear" rotation="90">
              <colors>
                <color rgb="0xA7A7A7" alpha="100" stop="0" />
              </colors>
            </fill>
          </color>
          <color name="detailb">
            <fill type="linear" rotation="90">
              <colors>
                <color rgb="0xCFCFCF" alpha="100" stop="0" />
              </colors>
            </fill>
          </color>
        </group_colors>
      </color_group>
      <color_group name="searchinput">
        <group_colors>
          <color name="bg">
            <fill type="linear" rotation="90">
              <colors>
                <color rgb="0xDFDFDF" alpha="100" stop="0" />
              </colors>
            </fill>
          </color>
          <color name="border">
            <fill type="linear" rotation="90">
              <colors>
                <color rgb="0xADADAD" alpha="100" stop="0" />
                <color rgb="0xFAFAFA" alpha="100" stop="255" />
              </colors>
            </fill>
          </color>
          <color name="icon">
            <fill type="linear" rotation="90">
              <colors>
                <color rgb="0x8A8A8A" alpha="100" stop="0" />
              </colors>
            </fill>
          </color>
          <color name="button_hover">
            <fill type="linear" rotation="90">
              <colors>
                <color rgb="0xF5F5F5" alpha="100" stop="0" />
                <color rgb="0xC7C7C7" alpha="100" stop="255" />
              </colors>
            </fill>
          </color>
          <color name="hover_glow">
            <fill type="linear" rotation="90">
              <colors>
                <color rgb="0x6BF8FF" alpha="100" stop="0" />
              </colors>
            </fill>
          </color>
          <color name="search_text">
            <fill type="linear" rotation="90">
              <colors>
                <color rgb="0x8A8A8A" alpha="100" stop="0" />
              </colors>
            </fill>
          </color>
          <color name="bg_active">
            <fill type="linear" rotation="90">
              <colors>
                <color rgb="0xFAFAFA" alpha="100" stop="0" />
              </colors>
            </fill>
          </color>
          <color name="text_active">
            <fill type="linear" rotation="90">
              <colors>
                <color rgb="0x333333" alpha="100" stop="0" />
              </colors>
            </fill>
          </color>
        </group_colors>
      </color_group>
      <color_group name="seekcontrol">
        <group_colors>
          <color name="bg">
            <fill type="linear" rotation="90">
              <colors>
                <color rgb="0xF5F5F5" alpha="100" stop="0" />
                <color rgb="0xC7C7C7" alpha="100" stop="255" />
              </colors>
            </fill>
          </color>
          <color name="border">
            <fill type="linear" rotation="90">
              <colors>
                <color rgb="0xB1B1B1" alpha="100" stop="0" />
              </colors>
            </fill>
          </color>
          <color name="seek_border">
            <fill type="linear" rotation="90">
              <colors>
                <color rgb="0xB8B8B8" alpha="100" stop="0" />
                <color rgb="0xEEEEEE" alpha="100" stop="255" />
              </colors>
            </fill>
          </color>
          <color name="seek_bg">
            <fill type="linear" rotation="90">
              <colors>
                <color rgb="0xE7E7E7" alpha="100" stop="0" />
              </colors>
            </fill>
          </color>
          <color name="seek_position">
            <fill type="linear" rotation="90">
              <colors>
                <color rgb="0xFFFFFF" alpha="100" stop="0" />
              </colors>
            </fill>
          </color>
          <color name="btn_icon_color">
            <fill type="linear" rotation="90">
              <colors>
                <color rgb="0x2D2D2D" alpha="100" stop="0" />
              </colors>
            </fill>
          </color>
          <color name="btn_icon_hover">
            <fill type="linear" rotation="90">
              <colors>
                <color rgb="0x555555" alpha="100" stop="0" />
              </colors>
            </fill>
          </color>
          <color name="btn_icon_shadow">
            <fill type="linear" rotation="90">
              <colors>
                <color rgb="0xF0F0F0" alpha="100" stop="0" />
              </colors>
            </fill>
          </color>
        </group_colors>
      </color_group>
      <color_group name="tabs">
        <group_colors>
          <color name="bg">
            <fill type="linear" rotation="90">
              <colors>
                <color rgb="0xF3F3F3" alpha="100" stop="0" />
              </colors>
            </fill>
          </color>
          <color name="text">
            <fill type="linear" rotation="90">
              <colors>
                <color rgb="0x555555" alpha="100" stop="0" />
              </colors>
            </fill>
          </color>
          <color name="selected">
            <fill type="linear" rotation="90">
              <colors>
                <color rgb="0x333333" alpha="100" stop="0" />
              </colors>
            </fill>
          </color>
          <color name="hover">
            <fill type="linear" rotation="90">
              <colors>
                <color rgb="0x333333" alpha="100" stop="0" />
              </colors>
            </fill>
          </color>
          <color name="shadow">
            <fill type="linear" rotation="90">
              <colors>
                <color rgb="0xF0F0F0" alpha="100" stop="0" />
              </colors>
            </fill>
          </color>
        </group_colors>
      </color_group>
      <color_group name="transcript">
        <group_colors>
          <color name="div">
            <fill type="linear" rotation="90">
              <colors>
                <color rgb="0xE1E1E1" alpha="100" stop="0" />
              </colors>
            </fill>
          </color>
          <color name="heading_text">
            <fill type="linear" rotation="90">
              <colors>
                <color rgb="0x444444" alpha="100" stop="0" />
              </colors>
            </fill>
          </color>
        </group_colors>
      </color_group>
      <color_group name="outline">
        <group_colors>
          <color name="diva">
            <fill type="linear" rotation="90">
              <colors>
                <color rgb="0xC6C6C6" alpha="100" stop="0" />
              </colors>
            </fill>
          </color>
          <color name="divb">
            <fill type="linear" rotation="90">
              <colors>
                <color rgb="0xF9F9F9" alpha="100" stop="0" />
              </colors>
            </fill>
          </color>
          <color name="divc">
            <fill type="linear" rotation="90">
              <colors>
                <color rgb="0xE1E1E1" alpha="100" stop="0" />
              </colors>
            </fill>
          </color>
          <color name="search_text">
            <fill type="linear" rotation="90">
              <colors>
                <color rgb="0x444444" alpha="100" stop="0" />
              </colors>
            </fill>
          </color>
          <color name="search_hover">
            <fill type="linear" rotation="90">
              <colors>
                <color rgb="0x0000EE" alpha="100" stop="0" />
              </colors>
            </fill>
          </color>
        </group_colors>
      </color_group>
      <color_group name="resource">
        <group_colors>
          <color name="separator">
            <fill type="linear" rotation="90">
              <colors>
                <color rgb="0xE0E0E0" alpha="100" stop="0" />
              </colors>
            </fill>
          </color>
        </group_colors>
      </color_group>
      <color_group name="glossary">
        <group_colors>
          <color name="selected_text">
            <fill type="linear" rotation="90">
              <colors>
                <color rgb="0x353535" alpha="100" stop="0" />
              </colors>
            </fill>
          </color>
          <color name="selected">
            <fill type="linear" rotation="90">
              <colors>
                <color rgb="0xC0E2F1" alpha="100" stop="0" />
              </colors>
            </fill>
          </color>
          <color name="text">
            <fill type="linear" rotation="90">
              <colors>
                <color rgb="0x353535" alpha="100" stop="0" />
              </colors>
            </fill>
          </color>
          <color name="hover">
            <fill type="linear" rotation="90">
              <colors>
                <color rgb="0xE6E6E6" alpha="100" stop="0" />
              </colors>
            </fill>
          </color>
          <color name="diva">
            <fill type="linear" rotation="90">
              <colors>
                <color rgb="0xE2E2E2" alpha="100" stop="0" />
              </colors>
            </fill>
          </color>
          <color name="divb">
            <fill type="linear" rotation="90">
              <colors>
                <color rgb="0xE2E2E2" alpha="100" stop="0" />
              </colors>
            </fill>
          </color>
          <color name="divc">
            <fill type="linear" rotation="90">
              <colors>
                <color rgb="0xFAFAFA" alpha="100" stop="0" />
              </colors>
            </fill>
          </color>
          <color name="bg">
            <fill type="linear" rotation="90">
              <colors>
                <color rgb="0xE7E7E7" alpha="100" stop="0" />
              </colors>
            </fill>
          </color>
          <color name="heading_text">
            <fill type="linear" rotation="90">
              <colors>
                <color rgb="0x444444" alpha="100" stop="0" />
              </colors>
            </fill>
          </color>
        </group_colors>
      </color_group>
      <color_group name="volume">
        <group_colors>
          <color name="thumb_border">
            <fill type="linear" rotation="90">
              <colors>
                <color rgb="0xA5A5A5" alpha="100" stop="0" />
              </colors>
            </fill>
          </color>
          <color name="thumb_inner">
            <fill type="linear" rotation="90">
              <colors>
                <color rgb="0xD4D4D4" alpha="100" stop="0" />
              </colors>
            </fill>
          </color>
          <color name="thumb_bg">
            <fill type="linear" rotation="90">
              <colors>
                <color rgb="0xC8C8C8" alpha="100" stop="0" />
              </colors>
            </fill>
          </color>
          <color name="slider_border">
            <fill type="linear" rotation="90">
              <colors>
                <color rgb="0xF2F2F2" alpha="100" stop="0" />
              </colors>
            </fill>
          </color>
          <color name="slider_bg">
            <fill type="linear" rotation="90">
              <colors>
                <color rgb="0xBCBCBC" alpha="100" stop="0" />
                <color rgb="0xBCBCBC" alpha="100" stop="128" />
                <color rgb="0xC3C3C3" alpha="100" stop="255" />
              </colors>
            </fill>
          </color>
        </group_colors>
      </color_group>
    </colorscheme>
  </colorschemes>
  <string_tables>
    <string_table name="npnxnanbnsnfns00000000001">
      <string id="three_image_items">items</string>
      <string id="three_image_viewed">viewed</string>
      <string id="three_image_of">of</string>
      <string id="three_image_item">item</string>
      <string id="accessible_text">Accessible text</string>
      <string id="keyboardshortcuts_lower">Keyboard shortcuts</string>
      <string id="zoom_to_fit">Zoom to fit</string>
      <string id="acc_active">active</string>
      <string id="alt_key">Alt</string>
      <string id="check_include">Check to include</string>
      <string id="clear">Clear and return to menu</string>
      <string id="close">Close</string>
      <string id="acc_closed_captions">Closed captions.</string>
      <string id="closed_captions_tip">Toggle captions</string>
      <string id="continue">Continue</string>
      <string id="continueresponsive">Continue</string>
      <string id="ctrl_key">Ctrl</string>
      <string id="enable_keyboardshortcuts">Enable keyboard shortcuts</string>
      <string id="enter_key">Enter</string>
      <string id="exit">Exit</string>
      <string id="filter">Filter</string>
      <string id="finish">FINISH</string>
      <string id="acc_finish">finish</string>
      <string id="definition">Definition</string>
      <string id="acc_definition">definition</string>
      <string id="glossary">Glossary</string>
      <string id="terms">Terms</string>
      <string id="action">Action</string>
      <string id="keyboardshortcuts">Keyboard Shortcuts</string>
      <string id="shortcuthelp">List keyboard shortcuts</string>
      <string id="mute_shortcut">Mute / unmute</string>
      <string id="next_shortcut">Next slide</string>
      <string id="playpause_shortcut">Play / pause</string>
      <string id="previous_shortcut">Previous slide</string>
      <string id="replay_shortcut">Replay slide</string>
      <string id="shortcut">Shortcut</string>
      <string id="submit_shortcut">Submit slide</string>
      <string id="acctext_shortcut">Toggle accessible text</string>
      <string id="closedcaptions_shortcut">Toggle closed captions</string>
      <string id="togglezoom">Toggle zoom to fit</string>
      <string id="outline">Menu</string>
      <string id="disabled_orientation">Please rotate your device</string>
      <string id="mute_tip">Mute</string>
      <string id="next">NEXT</string>
      <string id="acc_next">next</string>
      <string id="next_slide_tip">Next slide</string>
      <string id="transcript_chk">Notes</string>
      <string id="transcript">Notes</string>
      <string id="bio">Bio</string>
      <string id="more_info">More info</string>
      <string id="closed_captions">Captions</string>
      <string id="acc_pause">pause</string>
      <string id="pause_tip">Pause</string>
      <string id="acc_play">play</string>
      <string id="play_tip">Play</string>
      <string id="send_an_email">Send an email</string>
      <string id="prev">PREV</string>
      <string id="acc_previous">previous</string>
      <string id="previous_slide_tip">Previous slide</string>
      <string id="question_list">Question List</string>
      <string id="replay_tip">Replay</string>
      <string id="acc_replay">replay</string>
      <string id="resources">Resources</string>
      <string id="acc_resources">resources</string>
      <string id="restart">Restart</string>
      <string id="resume">Resume</string>
      <string id="acc_locked">locked</string>
      <string id="acc_search_input">search</string>
      <string id="search_toggle">Search</string>
      <string id="sidebar_toggle">Sidebar Toggle</string>
      <string id="desktop_start">Start Course</string>
      <string id="mobile_start">Start Course</string>
      <string id="acc_visited">visited</string>
      <string id="search">Search...</string>
      <string id="search_in">Search in:</string>
      <string id="search_results">Search Results</string>
      <string id="settings_tip">Settings</string>
      <string id="shift_key">Shift</string>
      <string id="acc_skipnavigation">Back to top</string>
      <string id="slide_text_chk">Slide Text</string>
      <string id="spacebar_key">Space</string>
      <string id="submitall">SUBMIT ALL</string>
      <string id="acc_submitall">submit all</string>
      <string id="submit">SUBMIT</string>
      <string id="acc_submit">submit</string>
      <string id="submit_tip">Submit</string>
      <string id="unmute_tip">Unmute</string>
      <string id="acc_volume">volume</string>
    </string_table>
  </string_tables>
  <fonts>
    <font name="Open Sans">
      <files>
        <file bold="true" italic="false" />
        <file bold="false" italic="false" />
      </files>
    </font>
  </fonts>
  <sounds enabled="true" />
  <nav_data>
    <outline>
      <links>
        <slidelink slideid="_player.6baWyrobT7E" displaytext="Pendahuluan" expand="true" type="slide">
          <links>
            <slidelink slideid="_player.6baWyrobT7E.6jXuJ0SVYMk" displaytext="Halaman Judul" expand="false" type="slide" />
            <slidelink slideid="_player.6baWyrobT7E.5eka2VJWQfO" displaytext="Tujuan Pembelajaran" expand="false" type="slide" />
            <slidelink slideid="_player.6baWyrobT7E.5negzDSsd4U" displaytext="Petunjuk Navigasi" expand="false" type="slide" />
            <slidelink slideid="_player.6baWyrobT7E.6ZsK4CcSXtY" displaytext="Pre-Test (Tes Awal)" expand="false" type="slide" />
            <slidelink slideid="_player.6baWyrobT7E.6NFR0KFIxNv" displaytext="Sistem operasi berfungsi sebagai…" expand="false" type="slide" />
            <slidelink slideid="_player.6baWyrobT7E.6PXxtRDYJda" displaytext="Contoh sistem operasi berbasis Linux adalah…" expand="false" type="slide" />
            <slidelink slideid="_player.6baWyrobT7E.5XCxHDcfSwO" displaytext="Perangkat jaringan yang berfungsi menghubungkan beberapa jaringan berbeda adalah…" expand="false" type="slide" />
            <slidelink slideid="_player.6baWyrobT7E.5wxqF7uzTN3" displaytext="Topologi jaringan yang menghubungkan semua perangkat ke satu kabel utama disebut…" expand="false" type="slide" />
            <slidelink slideid="_player.6baWyrobT7E.5ghOAypjaLk" displaytext="Keuntungan utama penggunaan virtualisasi adalah…" expand="false" type="slide" />
            <slidelink slideid="_player.6baWyrobT7E.675gaXj5ioV" displaytext="Untitled Slide" expand="false" type="slide" />
          </links>
        </slidelink>
        <slidelink slideid="_player.6cptpL7zN8K" displaytext="Persiapan" expand="true" type="slide">
          <links>
            <slidelink slideid="_player.6cptpL7zN8K.64JldSljsCM" displaytext="Perangkat Lunak yang Dibutuhkan" expand="false" type="slide" />
            <slidelink slideid="_player.6cptpL7zN8K.6nuKwOD4Lrw" displaytext="Konfigurasi Mesin Virtual (Virtual Machine)" expand="false" type="slide" />
          </links>
        </slidelink>
        <slidelink slideid="_player.5s5Q2HNWnMV" displaytext="Panduan Instalasi (Langkah-demi-Langkah)" expand="true" type="slide">
          <links>
            <slidelink slideid="_player.5s5Q2HNWnMV.5mbYEKXnBba" displaytext="Memulai Instalasi" expand="false" type="slide" />
            <slidelink slideid="_player.5s5Q2HNWnMV.6lkh1kt5ZIF" displaytext="Memulai Instalasi" expand="false" type="slide" />
            <slidelink slideid="_player.5s5Q2HNWnMV.5z6YNbD5rIE" displaytext="Memulai Instalasi" expand="false" type="slide" />
            <slidelink slideid="_player.5s5Q2HNWnMV.6086oKw6eEz" displaytext="Memulai Instalasi" expand="false" type="slide" />
            <slidelink slideid="_player.5s5Q2HNWnMV.607UxbE7Zcn" displaytext="Memulai Instalasi" expand="false" type="slide" />
            <slidelink slideid="_player.5s5Q2HNWnMV.680jMM4oaB9" displaytext="Memulai Instalasi" expand="false" type="slide" />
            <slidelink slideid="_player.5s5Q2HNWnMV.5gDyTV02Exe" displaytext="Memulai Instalasi" expand="false" type="slide" />
            <slidelink slideid="_player.5s5Q2HNWnMV.5dbvxguzGkx" displaytext="Memulai Instalasi" expand="false" type="slide" />
            <slidelink slideid="_player.5s5Q2HNWnMV.6Xc0QkY8t6s" displaytext="Memulai Instalasi" expand="false" type="slide" />
            <slidelink slideid="_player.5s5Q2HNWnMV.5buh2rcGBcE" displaytext="Memulai Instalasi" expand="false" type="slide" />
            <slidelink slideid="_player.5s5Q2HNWnMV.5dNf2AZJw5w" displaytext="Memulai Instalasi" expand="false" type="slide" />
            <slidelink slideid="_player.5s5Q2HNWnMV.5cboBvyomEo" displaytext="Memulai Instalasi" expand="false" type="slide" />
            <slidelink slideid="_player.5s5Q2HNWnMV.5xbRZujhkZm" displaytext="Memulai Instalasi" expand="false" type="slide" />
            <slidelink slideid="_player.5s5Q2HNWnMV.6dVcnBdRYqo" displaytext="Memulai Instalasi" expand="false" type="slide" />
            <slidelink slideid="_player.5s5Q2HNWnMV.6V2YFlV1JD5" displaytext="Memulai Instalasi" expand="false" type="slide" />
            <slidelink slideid="_player.5s5Q2HNWnMV.6RAuCPg19Lb" displaytext="Memulai Instalasi" expand="false" type="slide" />
            <slidelink slideid="_player.5s5Q2HNWnMV.5qd6ImOQi7m" displaytext="Memulai Instalasi" expand="false" type="slide" />
            <slidelink slideid="_player.5s5Q2HNWnMV.6JOkACfofFQ" displaytext="Memulai Instalasi" expand="false" type="slide" />
            <slidelink slideid="_player.5s5Q2HNWnMV.6QioxQrQ6pL" displaytext="Memulai Instalasi" expand="false" type="slide" />
            <slidelink slideid="_player.5s5Q2HNWnMV.6eZhvlHjeER" displaytext="Memulai Instalasi" expand="false" type="slide" />
            <slidelink slideid="_player.5s5Q2HNWnMV.6LLg0l6NbDQ" displaytext="Memulai Instalasi" expand="false" type="slide" />
            <slidelink slideid="_player.5s5Q2HNWnMV.5xX9xmISZfR" displaytext="Memulai Instalasi" expand="false" type="slide" />
            <slidelink slideid="_player.5s5Q2HNWnMV.6RbHkf0Up2r" displaytext="Memulai Instalasi" expand="false" type="slide" />
            <slidelink slideid="_player.5s5Q2HNWnMV.65n9K9wA968" displaytext="Memulai Instalasi" expand="false" type="slide" />
            <slidelink slideid="_player.5s5Q2HNWnMV.6mimldVmQPE" displaytext="Memulai Instalasi" expand="false" type="slide" />
            <slidelink slideid="_player.5s5Q2HNWnMV.6NTxnQ8J84R" displaytext="Memulai Instalasi" expand="false" type="slide" />
            <slidelink slideid="_player.5s5Q2HNWnMV.62ACd52bR9m" displaytext="Memulai Instalasi" expand="false" type="slide" />
            <slidelink slideid="_player.5s5Q2HNWnMV.6rkyCTtrYUZ" displaytext="Memulai Instalasi" expand="false" type="slide" />
            <slidelink slideid="_player.5s5Q2HNWnMV.5xNqHP7SzOO" displaytext="Memulai Instalasi" expand="false" type="slide" />
            <slidelink slideid="_player.5s5Q2HNWnMV.6aB92FhiMuN" displaytext="Memulai Instalasi" expand="false" type="slide" />
            <slidelink slideid="_player.5s5Q2HNWnMV.5eDIDiKhiPJ" displaytext="Memulai Instalasi" expand="false" type="slide" />
          </links>
        </slidelink>
        <slidelink slideid="_player.6QrLTSUlFcy" displaytext="Pasca-Instalasi" expand="true" type="slide">
          <links>
            <slidelink slideid="_player.6QrLTSUlFcy.6LuyaNodEe9" displaytext="Login Pertama Kali" expand="false" type="slide" />
            <slidelink slideid="_player.6QrLTSUlFcy.6PtFj8lUA3u" displaytext="Login Pertama Kali" expand="false" type="slide" />
            <slidelink slideid="_player.6QrLTSUlFcy.6lCjQDHvZzH" displaytext="Verifikasi Sistem" expand="false" type="slide" />
            <slidelink slideid="_player.6QrLTSUlFcy.62mA5ghxsl8" displaytext="Update Sistem" expand="false" type="slide" />
          </links>
        </slidelink>
        <slidelink slideid="_player.5Zjq6xZqhvi" displaytext="Simulasi Mandiri" expand="true" type="slide">
          <links>
            <slidelink slideid="_player.5Zjq6xZqhvi.5W5y2da8wYG" displaytext="Skenario Tantangan" expand="false" type="slide" />
          </links>
        </slidelink>
        <slidelink slideid="_player.6iv1koVyGlI" displaytext="Simulasi Mandiri 1" expand="true" type="slide">
          <links>
            <slidelink slideid="_player.6iv1koVyGlI.5qU2cpB2QAz" displaytext="Memulai Instalasi" expand="false" type="slide" />
            <slidelink slideid="_player.6iv1koVyGlI.6WI2fcKFwJg" displaytext="Memulai Instalasi" expand="false" type="slide" />
            <slidelink slideid="_player.6iv1koVyGlI.67rHeUPNAdr" displaytext="Memulai Instalasi" expand="false" type="slide" />
            <slidelink slideid="_player.6iv1koVyGlI.5YuyUyvvsGk" displaytext="Memulai Instalasi" expand="false" type="slide" />
            <slidelink slideid="_player.6iv1koVyGlI.5rkjMUwyXKh" displaytext="Memulai Instalasi" expand="false" type="slide" />
            <slidelink slideid="_player.6iv1koVyGlI.6E9xeT0tJlj" displaytext="Memulai Instalasi" expand="false" type="slide" />
            <slidelink slideid="_player.6iv1koVyGlI.6CbIDhgztce" displaytext="Memulai Instalasi" expand="false" type="slide" />
            <slidelink slideid="_player.6iv1koVyGlI.6iJUtFH2VZ3" displaytext="Memulai Instalasi" expand="false" type="slide" />
            <slidelink slideid="_player.6iv1koVyGlI.5nzAtfpqkfV" displaytext="Memulai Instalasi" expand="false" type="slide" />
            <slidelink slideid="_player.6iv1koVyGlI.6GWgpHl2psB" displaytext="Memulai Instalasi" expand="false" type="slide" />
            <slidelink slideid="_player.6iv1koVyGlI.5kMjCwyylbd" displaytext="Memulai Instalasi" expand="false" type="slide" />
            <slidelink slideid="_player.6iv1koVyGlI.6XSYPr3mERx" displaytext="Memulai Instalasi" expand="false" type="slide" />
            <slidelink slideid="_player.6iv1koVyGlI.611x1qcBrDU" displaytext="Memulai Instalasi" expand="false" type="slide" />
            <slidelink slideid="_player.6iv1koVyGlI.6EZXmDREaWc" displaytext="Memulai Instalasi" expand="false" type="slide" />
            <slidelink slideid="_player.6iv1koVyGlI.6FVVFIPghSp" displaytext="Memulai Instalasi" expand="false" type="slide" />
            <slidelink slideid="_player.6iv1koVyGlI.6Dr4dTRUTlz" displaytext="Memulai Instalasi" expand="false" type="slide" />
            <slidelink slideid="_player.6iv1koVyGlI.5XC5ByVXNOv" displaytext="Memulai Instalasi" expand="false" type="slide" />
            <slidelink slideid="_player.6iv1koVyGlI.6SUw5YCU9iH" displaytext="Memulai Instalasi" expand="false" type="slide" />
            <slidelink slideid="_player.6iv1koVyGlI.6JPF8REMTs9" displaytext="Memulai Instalasi" expand="false" type="slide" />
            <slidelink slideid="_player.6iv1koVyGlI.5tYgDv9ozXn" displaytext="Memulai Instalasi" expand="false" type="slide" />
            <slidelink slideid="_player.6iv1koVyGlI.5oXkyXouHQ9" displaytext="Memulai Instalasi" expand="false" type="slide" />
            <slidelink slideid="_player.6iv1koVyGlI.5xvL3y9cvp2" displaytext="Memulai Instalasi" expand="false" type="slide" />
            <slidelink slideid="_player.6iv1koVyGlI.69alV5gNzKp" displaytext="Memulai Instalasi" expand="false" type="slide" />
            <slidelink slideid="_player.6iv1koVyGlI.5wNJzjJuuwI" displaytext="Memulai Instalasi" expand="false" type="slide" />
            <slidelink slideid="_player.6iv1koVyGlI.6F4yKpUE8rJ" displaytext="Memulai Instalasi" expand="false" type="slide" />
            <slidelink slideid="_player.6iv1koVyGlI.6WutnLp2huA" displaytext="Memulai Instalasi" expand="false" type="slide" />
            <slidelink slideid="_player.6iv1koVyGlI.5XuESEKogPI" displaytext="Memulai Instalasi" expand="false" type="slide" />
            <slidelink slideid="_player.6iv1koVyGlI.6DXAsnY8Xn4" displaytext="Memulai Instalasi" expand="false" type="slide" />
            <slidelink slideid="_player.6iv1koVyGlI.6Cg3WHHJy0D" displaytext="Memulai Instalasi" expand="false" type="slide" />
            <slidelink slideid="_player.6iv1koVyGlI.63G38rCLuZi" displaytext="Memulai Instalasi" expand="false" type="slide" />
            <slidelink slideid="_player.6iv1koVyGlI.6qEIvJ22yUf" displaytext="Memulai Instalasi" expand="false" type="slide" />
          </links>
        </slidelink>
        <slidelink slideid="_player.6YxsRiPLwad" displaytext="Evaluasi Akhir (Post-Test)" expand="true" type="slide">
          <links>
            <slidelink slideid="_player.6YxsRiPLwad.6cZ4JmKmyCP" displaytext="Perintah cd digunakan untuk berpindah direktori di Linux." expand="false" type="slide" />
            <slidelink slideid="_player.6YxsRiPLwad.5iVsRR4D8AT" displaytext="File instalasi Debian biasanya berformat …" expand="false" type="slide" />
            <slidelink slideid="_player.6YxsRiPLwad.5WAVEtewkor" displaytext="Pada saat konfigurasi jaringan, fungsi dari Hostname adalah …" expand="false" type="slide" />
            <slidelink slideid="_player.6YxsRiPLwad.6AGp36XdVST" displaytext="Opsi partisi “Guided - use entire disk” digunakan untuk …" expand="false" type="slide" />
            <slidelink slideid="_player.6YxsRiPLwad.5qWmd6zxAw2" displaytext="GRUB Boot Loader berfungsi untuk …" expand="false" type="slide" />
            <slidelink slideid="_player.6YxsRiPLwad.6erdSoWcpNk" displaytext="Instruksi: Urutkan langkah-langkah instalasi Debian berbasis CLI berikut ini sesuai urutan yang benar:" expand="false" type="slide" />
            <slidelink slideid="_player.6YxsRiPLwad.5c27SyP4KOU" displaytext="Instruksi: Perhatikan gambar layar instalasi Debian. Klik pada opsi “Continue” untuk melanjutkan proses." expand="false" type="slide" />
            <slidelink slideid="_player.6YxsRiPLwad.6KV1Psj9h1w" displaytext="Ketikkan perintah Linux berikut untuk menampilkan konfigurasi jaringan pada Debian:" expand="false" type="slide" />
            <slidelink slideid="_player.6YxsRiPLwad.69Fvu6csdnD" displaytext="Ketikkan perintah Linux untuk menampilkan isi direktori." expand="false" type="slide" />
            <slidelink slideid="_player.6YxsRiPLwad.5la6kf2a6MS" displaytext="Sistem operasi Debian 13 termasuk dalam kategori …" expand="false" type="slide" />
          </links>
        </slidelink>
        <slidelink slideid="_player.6BIFSKEvY5k" displaytext="Penutup" expand="true" type="slide">
          <links>
            <slidelink slideid="_player.6BIFSKEvY5k.6IxnoLfZevQ" displaytext="Rangkuman" expand="false" type="slide" />
            <slidelink slideid="_player.6BIFSKEvY5k.6PBhBcqE4yD" displaytext="Halaman Selesai" expand="false" type="slide" />
          </links>
        </slidelink>
      </links>
    </outline>
  </nav_data>
  <resource_data description="" />
  <transcript_data />
  <glossary_data />
</bwFrame>